Date,USD
31/12/2015,66.326
30/12/2015,66.4243
29/12/2015,66.37
28/12/2015,66.138
23/12/2015,66.202
22/12/2015,66.2985
21/12/2015,66.324
18/12/2015,66.4235
17/12/2015,66.6488
16/12/2015,66.8468
15/12/2015,67.0435
14/12/2015,66.994
11/12/2015,66.786
10/12/2015,66.7905
9/12/2015,66.75
8/12/2015,66.7983
7/12/2015,66.6263
4/12/2015,66.8365
3/12/2015,66.745
2/12/2015,66.6158
1/12/2015,66.518
30/11/2015,66.8148
27/11/2015,66.7503
26/11/2015,66.5507
24/11/2015,66.384
23/11/2015,66.349
20/11/2015,66.094
19/11/2015,66.1105
18/11/2015,66.1138
17/11/2015,65.9805
16/11/2015,66.169
13/11/2015,66.139
10/11/2015,66.3495
9/11/2015,66.3378
6/11/2015,65.791
5/11/2015,65.6755
4/11/2015,65.568
3/11/2015,65.451
2/11/2015,65.4793
30/10/2015,65.2231
29/10/2015,65.1515
28/10/2015,65.0408
27/10/2015,64.9553
26/10/2015,64.9603
23/10/2015,64.8815
21/10/2015,65.1513
20/10/2015,64.8908
19/10/2015,64.8178
16/10/2015,64.9697
15/10/2015,64.824
14/10/2015,65.1123
13/10/2015,65.0215
12/10/2015,64.726
9/10/2015,64.7848
8/10/2015,65.157
7/10/2015,65.2571
6/10/2015,65.3908
5/10/2015,65.2905
1/10/2015,65.554
30/09/2015,65.7418
29/09/2015,66.1843
28/09/2015,66.0805
24/09/2015,66.0993
23/09/2015,65.9696
22/09/2015,65.625
21/09/2015,65.7531
18/09/2015,65.9255
16/09/2015,66.5
15/09/2015,66.4383
14/09/2015,66.3708
11/9/2015,66.3866
10/9/2015,66.584
9/9/2015,66.2945
8/9/2015,66.606
7/9/2015,66.7445
4/9/2015,66.4003
3/9/2015,66.228
2/9/2015,66.1638
1/9/2015,66.2603
31/08/2015,66.3062
28/08/2015,66.0808
27/08/2015,66.0605
26/08/2015,66.161
25/08/2015,66.709
24/08/2015,66.5093
21/08/2015,65.8298
20/08/2015,65.2385
19/08/2015,65.2525
17/08/2015,65.22
14/08/2015,65.1225
13/08/2015,64.9212
12/8/2015,64.827
11/8/2015,64.1732
10/8/2015,63.759
7/8/2015,63.8061
6/8/2015,63.7603
5/8/2015,63.8159
4/8/2015,63.9315
3/8/2015,63.9623
31/07/2015,64.0054
30/07/2015,64.0061
29/07/2015,63.8943
28/07/2015,64.027
27/07/2015,64.0028
24/07/2015,63.8916
23/07/2015,63.7138
22/07/2015,63.5283
21/07/2015,63.6506
20/07/2015,63.551
17/07/2015,63.4928
16/07/2015,63.4955
15/07/2015,63.3847
14/07/2015,63.4978
13/07/2015,63.4655
10/7/2015,63.3793
9/7/2015,63.5065
8/7/2015,63.569
7/7/2015,63.3749
6/7/2015,63.5785
3/7/2015,63.3963
2/7/2015,63.5705
1/7/2015,63.6223
30/06/2015,63.7549
29/06/2015,63.917
26/06/2015,63.6042
25/06/2015,63.6121
24/06/2015,63.66
23/06/2015,63.6406
22/06/2015,63.5098
19/06/2015,63.8195
18/06/2015,63.8495
17/06/2015,64.1135
16/06/2015,64.1505
15/06/2015,64.0868
12/6/2015,64.0301
11/6/2015,63.891
10/6/2015,63.8849
9/6/2015,63.936
8/6/2015,64.11
5/6/2015,63.8955
4/6/2015,64.1775
3/6/2015,63.8515
2/6/2015,63.833
1/6/2015,63.6083
29/05/2015,63.7615
28/05/2015,63.901
27/05/2015,63.9475
26/05/2015,63.845
25/05/2015,63.6228
22/05/2015,63.5728
21/05/2015,63.7
20/05/2015,63.8655
19/05/2015,63.6868
18/05/2015,63.5543
15/05/2015,63.5788
14/05/2015,63.838
13/05/2015,64.1895
12/5/2015,64.202
11/5/2015,63.8495
8/5/2015,64.0493
7/5/2015,63.88
6/5/2015,63.6425
5/5/2015,63.5194
30/04/2015,63.578
29/04/2015,63.2025
28/04/2015,63.3305
27/04/2015,63.6115
24/04/2015,63.4006
23/04/2015,63.185
22/04/2015,62.8183
21/04/2015,62.92
20/04/2015,62.5633
17/04/2015,62.346
16/04/2015,62.3685
15/04/2015,62.4026
13/04/2015,62.3885
10/4/2015,62.366
9/4/2015,62.256
8/4/2015,62.3295
7/4/2015,62.3321
6/4/2015,62.158
31/03/2015,62.5908
30/03/2015,62.6305
27/03/2015,62.6069
26/03/2015,62.6728
25/03/2015,62.3419
24/03/2015,62.1988
23/03/2015,62.2879
20/03/2015,62.4923
19/03/2015,62.4208
18/03/2015,62.672
17/03/2015,62.692
16/03/2015,62.8215
13/03/2015,62.6733
12/3/2015,62.5665
11/3/2015,62.745
10/3/2015,62.6983
9/3/2015,62.616
5/3/2015,62.2015
4/3/2015,61.8543
3/3/2015,61.8387
2/3/2015,61.8248
27/02/2015,61.7908
26/02/2015,61.9395
25/02/2015,62.0468
24/02/2015,62.2758
23/02/2015,62.1838
20/02/2015,62.255
18/02/2015,62.245
16/02/2015,62.2023
13/02/2015,62.136
12/2/2015,62.43
11/2/2015,62.1536
10/2/2015,61.9634
9/2/2015,62.141
6/2/2015,61.7363
5/2/2015,61.8748
4/2/2015,61.68
3/2/2015,61.7389
2/2/2015,61.884
30/01/2015,61.7575
29/01/2015,61.4998
28/01/2015,61.4105
27/01/2015,61.464
23/01/2015,61.4988
22/01/2015,61.691
21/01/2015,61.614
20/01/2015,61.8475
19/01/2015,61.699
16/01/2015,61.8933
15/01/2015,61.7588
14/01/2015,62.153
13/01/2015,62.1021
12/1/2015,62.1605
9/1/2015,62.3953
8/1/2015,62.967
7/1/2015,63.4495
6/1/2015,63.385
5/1/2015,63.3888
2/1/2015,63.2878
1/1/2015,63.3213
31/12/2014,63.3315
30/12/2014,63.7498
29/12/2014,63.6539
26/12/2014,63.6355
24/12/2014,63.4614
23/12/2014,63.4475
22/12/2014,63.1757
19/12/2014,63.067
18/12/2014,63.3161
17/12/2014,63.5813
16/12/2014,63.4135
15/12/2014,62.6529
12/12/2014,62.4422
11/12/2014,62.2059
10/12/2014,61.95
9/12/2014,61.875
8/12/2014,61.9253
5/12/2014,61.8535
4/12/2014,61.8771
3/12/2014,61.8866
2/12/2014,61.9255
1/12/2014,62.1377
28/11/2014,61.9736
27/11/2014,61.865
26/11/2014,61.8658
25/11/2014,61.9195
24/11/2014,61.7798
21/11/2014,61.8505
20/11/2014,62.1044
19/11/2014,61.828
18/11/2014,61.808
17/11/2014,61.678
14/11/2014,61.6475
13/11/2014,61.556
12/11/2014,61.4785
11/11/2014,61.55
10/11/2014,61.4513
7/11/2014,61.5205
5/11/2014,61.387
3/11/2014,61.4118
31/10/2014,61.408
30/10/2014,61.4636
29/10/2014,61.3175
28/10/2014,61.3524
27/10/2014,61.229
22/10/2014,61.2355
21/10/2014,61.2967
20/10/2014,61.2873
17/10/2014,61.6165
16/10/2014,61.4795
14/10/2014,61.1078
13/10/2014,61.2455
10/10/2014,61.1624
9/10/2014,61.0368
8/10/2014,61.4648
7/10/2014,61.3595
1/10/2014,61.7511
30/09/2014,61.6135
29/09/2014,61.4273
26/09/2014,61.572
25/09/2014,61.0245
24/09/2014,61.0293
23/09/2014,60.8708
22/09/2014,60.7875
19/09/2014,60.8055
18/09/2014,61.0558
17/09/2014,60.954
16/09/2014,61.1015
15/09/2014,60.9945
12/9/2014,60.84
11/9/2014,60.9155
10/9/2014,60.8256
9/9/2014,60.4277
8/9/2014,60.2628
5/9/2014,60.4385
4/9/2014,60.454
3/9/2014,60.5445
2/9/2014,60.61
1/9/2014,60.4735
28/08/2014,60.4745
27/08/2014,60.4678
26/08/2014,60.496
25/08/2014,60.427
22/08/2014,60.436
21/08/2014,60.767
20/08/2014,60.669
19/08/2014,60.726
14/08/2014,61.0583
13/08/2014,61.2458
12/8/2014,61.1847
11/8/2014,61.1165
8/8/2014,61.5575
7/8/2014,61.4123
6/8/2014,61.336
5/8/2014,60.869
4/8/2014,61.0187
1/8/2014,60.851
31/07/2014,60.246
30/07/2014,60.1485
28/07/2014,60.1013
25/07/2014,60.1448
24/07/2014,60.002
23/07/2014,60.183
22/07/2014,60.236
21/07/2014,60.1853
18/07/2014,60.33
17/07/2014,60.1401
16/07/2014,60.1903
15/07/2014,60.2195
14/07/2014,60.005
11/7/2014,60.1855
10/7/2014,59.875
9/7/2014,59.726
8/7/2014,59.7968
7/7/2014,59.9455
4/7/2014,59.7939
3/7/2014,59.7225
2/7/2014,59.9745
1/7/2014,60.137
30/06/2014,60.0933
27/06/2014,60.0958
26/06/2014,60.1618
25/06/2014,60.2785
24/06/2014,60.105
23/06/2014,60.1927
20/06/2014,60.2785
19/06/2014,60.0031
18/06/2014,60.124
17/06/2014,60.368
16/06/2014,60.0059
13/06/2014,59.4783
12/6/2014,59.3283
11/6/2014,59.325
10/6/2014,59.2647
9/6/2014,59.0605
6/6/2014,59.197
5/6/2014,59.2973
4/6/2014,59.336
3/6/2014,59.2125
2/6/2014,59.1385
30/05/2014,59.0335
29/05/2014,58.8415
28/05/2014,59.077
27/05/2014,59.0585
26/05/2014,58.5873
23/05/2014,58.483
22/05/2014,58.574
21/05/2014,58.7725
20/05/2014,58.7455
19/05/2014,58.426
16/05/2014,58.861
15/05/2014,59.4745
13/05/2014,59.8773
12/5/2014,59.729
9/5/2014,60.054
8/5/2014,59.9913
7/5/2014,60.0399
6/5/2014,60.202
5/5/2014,60.0475
2/5/2014,60.225
30/04/2014,60.3375
29/04/2014,60.5253
28/04/2014,60.5041
25/04/2014,61.1163
23/04/2014,61.0683
22/04/2014,60.7147
21/04/2014,60.335
17/04/2014,60.3805
16/04/2014,60.2263
15/04/2014,60.262
11/4/2014,60.267
10/4/2014,60.2115
9/4/2014,60.074
7/4/2014,59.9483
4/4/2014,60.321
3/4/2014,60.1245
2/4/2014,59.6463
28/03/2014,60.0998
27/03/2014,60.1295
26/03/2014,60.1725
25/03/2014,60.4935
24/03/2014,60.703
21/03/2014,61.0465
20/03/2014,61.131
19/03/2014,61.097
18/03/2014,60.9453
14/03/2014,61.517
13/03/2014,61.0155
12/3/2014,61.09
11/3/2014,60.6995
10/3/2014,61.1965
7/3/2014,60.985
6/3/2014,61.3242
5/3/2014,61.855
4/3/2014,61.9045
3/3/2014,61.8605
28/02/2014,62.072
26/02/2014,61.938
25/02/2014,61.9765
24/02/2014,62.1185
21/02/2014,62.1618
20/02/2014,62.2843
18/02/2014,62.122
17/02/2014,61.9495
14/02/2014,62.277
13/02/2014,62.2725
12/2/2014,62.125
11/2/2014,62.439
10/2/2014,62.193
7/2/2014,62.3155
6/2/2014,62.5045
5/2/2014,62.4525
4/2/2014,62.6815
3/2/2014,62.6891
31/01/2014,62.4768
30/01/2014,62.7335
29/01/2014,62.2005
28/01/2014,62.9898
27/01/2014,62.7145
24/01/2014,62.177
23/01/2014,61.988
22/01/2014,61.92
21/01/2014,61.5355
20/01/2014,61.6345
17/01/2014,61.3518
16/01/2014,61.5325
15/01/2014,61.5885
13/01/2014,61.52
10/1/2014,61.936
9/1/2014,62.181
8/1/2014,62.243
7/1/2014,62.379
6/1/2014,62.3265
3/1/2014,62.4075
2/1/2014,61.902
1/1/2014,61.9335
31/12/2013,61.897
30/12/2013,62.0028
27/12/2013,62.0595
26/12/2013,61.9755
24/12/2013,61.8668
23/12/2013,61.9915
20/12/2013,62.242
19/12/2013,62.38
18/12/2013,61.9176
17/12/2013,61.958
16/12/2013,62.1024
13/12/2013,62.1266
12/12/2013,61.62
11/12/2013,61.3313
10/12/2013,61.207
9/12/2013,61.1785
6/12/2013,61.6673
5/12/2013,61.6895
4/12/2013,62.333
3/12/2013,62.3443
2/12/2013,62.226
29/11/2013,62.3948
28/11/2013,62.3896
27/11/2013,62.3625
26/11/2013,62.447
25/11/2013,62.577
22/11/2013,63.0236
21/11/2013,62.8895
20/11/2013,62.558
19/11/2013,62.2311
18/11/2013,62.625
14/11/2013,63.0645
13/11/2013,63.6545
12/11/2013,63.593
11/11/2013,63.2955
8/11/2013,62.7315
7/11/2013,62.574
6/11/2013,61.9225
5/11/2013,61.788
1/11/2013,61.9046
31/10/2013,61.41
30/10/2013,61.4871
29/10/2013,61.463
28/10/2013,61.503
25/10/2013,61.625
24/10/2013,61.4105
23/10/2013,61.534
22/10/2013,61.78
21/10/2013,61.4885
18/10/2013,61.276
17/10/2013,61.581
15/10/2013,61.6929
14/10/2013,61.3036
11/10/2013,61.157
10/10/2013,62.1383
9/10/2013,61.917
8/10/2013,61.6885
7/10/2013,61.776
4/10/2013,61.405
3/10/2013,61.9348
1/10/2013,62.3555
30/09/2013,62.777
27/09/2013,61.811
26/09/2013,62.226
25/09/2013,62.6981
24/09/2013,62.6585
23/09/2013,62.52
20/09/2013,62.243
19/09/2013,61.748
18/09/2013,63.144
17/09/2013,63.377
16/09/2013,62.484
13/09/2013,63.789
12/9/2013,63.6673
11/9/2013,63.9035
10/9/2013,64.2162
6/9/2013,65.96
5/9/2013,66.043
4/9/2013,67.0289
3/9/2013,66.8875
2/9/2013,65.8608
30/08/2013,66.5742
29/08/2013,67.706
28/08/2013,68.3611
27/08/2013,65.6675
26/08/2013,64.2347
23/08/2013,64.688
22/08/2013,65.4207
21/08/2013,63.4605
20/08/2013,63.7335
19/08/2013,62.3461
16/08/2013,61.8195
14/08/2013,61.516
13/08/2013,61.4343
12/8/2013,60.8025
8/8/2013,61.115
7/8/2013,61.394
6/8/2013,61.5355
5/8/2013,60.822
2/8/2013,60.8035
1/8/2013,60.7423
31/07/2013,61.115
30/07/2013,59.828
29/07/2013,59.297
26/07/2013,58.9133
25/07/2013,58.9415
24/07/2013,59.4465
23/07/2013,59.6875
22/07/2013,59.408
19/07/2013,59.795
18/07/2013,59.712
17/07/2013,59.3623
16/07/2013,59.3925
15/07/2013,60.051
12/7/2013,59.896
11/7/2013,59.642
10/7/2013,60.133
9/7/2013,60.0745
8/7/2013,61.0455
5/7/2013,60.3395
4/7/2013,60.0905
3/7/2013,60.1005
2/7/2013,59.4145
1/7/2013,59.149
28/06/2013,59.6995
27/06/2013,60.588
26/06/2013,59.8538
25/06/2013,59.703
24/06/2013,59.734
21/06/2013,59.3505
20/06/2013,59.7
19/06/2013,58.7445
18/06/2013,58.4515
17/06/2013,57.731
14/06/2013,57.741
13/06/2013,58.414
12/6/2013,58.274
11/6/2013,58.9255
10/6/2013,57.782
7/6/2013,56.7445
6/6/2013,56.869
5/6/2013,56.4238
4/6/2013,56.6423
3/6/2013,56.574
31/05/2013,56.4958
30/05/2013,56.0995
29/05/2013,56.243
28/05/2013,55.7423
27/05/2013,55.6198
24/05/2013,55.6075
23/05/2013,55.991
22/05/2013,55.522
21/05/2013,55.0395
20/05/2013,55.0368
17/05/2013,54.8865
16/05/2013,54.7723
15/05/2013,54.7835
14/05/2013,54.6275
13/05/2013,54.915
10/5/2013,54.5413
9/5/2013,54.2415
8/5/2013,54.16
7/5/2013,54.277
6/5/2013,53.9495
3/5/2013,53.951
2/5/2013,53.7355
30/04/2013,54.219
29/04/2013,54.277
26/04/2013,54.2935
25/04/2013,54.1715
23/04/2013,54.2995
22/04/2013,54.1665
18/04/2013,54.0298
17/04/2013,53.9423
16/04/2013,54.329
15/04/2013,54.626
12/4/2013,54.4425
10/4/2013,54.534
9/4/2013,54.4613
8/4/2013,54.7215
5/4/2013,54.8803
4/4/2013,54.646
3/4/2013,54.3885
2/4/2013,54.3345
28/03/2013,54.3893
26/03/2013,54.2735
25/03/2013,54.099
22/03/2013,54.335
21/03/2013,54.281
20/03/2013,54.378
19/03/2013,54.2635
18/03/2013,54.2915
15/03/2013,54.1605
14/03/2013,54.442
13/03/2013,54.11
12/3/2013,54.3365
11/3/2013,54.2933
8/3/2013,54.4035
7/3/2013,54.7393
6/3/2013,54.7065
5/3/2013,54.652
4/3/2013,55.0518
1/3/2013,54.4815
28/02/2013,53.7735
27/02/2013,53.835
26/02/2013,54.0645
25/02/2013,54.0415
22/02/2013,54.427
21/02/2013,54.48
20/02/2013,54.051
18/02/2013,54.2895
15/02/2013,53.9885
14/02/2013,53.8715
13/02/2013,53.85
12/2/2013,53.9585
11/2/2013,53.6793
8/2/2013,53.5695
7/2/2013,53.1445
6/2/2013,53.0855
5/2/2013,53.2945
4/2/2013,52.973
1/2/2013,53.3238
31/01/2013,53.289
30/01/2013,53.5678
29/01/2013,53.7015
28/01/2013,53.8905
24/01/2013,53.8515
23/01/2013,53.771
22/01/2013,53.5115
21/01/2013,53.8735
18/01/2013,53.9465
17/01/2013,54.6428
16/01/2013,54.826
15/01/2013,54.5425
14/01/2013,54.6355
11/1/2013,54.539
10/1/2013,54.6305
9/1/2013,54.9625
8/1/2013,55.3278
7/1/2013,54.978
4/1/2013,54.8458
3/1/2013,54.4153
2/1/2013,54.389
1/1/2013,54.832
31/12/2012,54.7773
28/12/2012,54.8473
27/12/2012,54.8465
26/12/2012,54.9635
24/12/2012,55.0858
21/12/2012,55.086
20/12/2012,54.842
19/12/2012,54.7365
18/12/2012,54.849
17/12/2012,54.629
14/12/2012,54.388
13/12/2012,54.232
12/12/2012,54.2725
11/12/2012,54.316
10/12/2012,54.3405
7/12/2012,54.2018
6/12/2012,54.465
5/12/2012,54.569
4/12/2012,54.9473
3/12/2012,54.561
30/11/2012,54.5265
29/11/2012,55.202
27/11/2012,55.7045
26/11/2012,55.692
23/11/2012,55.3445
22/11/2012,55.1575
21/11/2012,55.2025
20/11/2012,54.91
19/11/2012,54.9665
16/11/2012,54.9915
15/11/2012,54.959
12/11/2012,54.934
9/11/2012,54.34
8/11/2012,54.4403
7/11/2012,54.252
6/11/2012,54.5955
5/11/2012,54.0778
2/11/2012,53.6645
1/11/2012,53.7798
31/10/2012,54.1175
30/10/2012,54.165
29/10/2012,53.8065
25/10/2012,53.63
23/10/2012,53.5895
22/10/2012,53.6735
19/10/2012,53.7175
18/10/2012,52.969
17/10/2012,52.751
16/10/2012,52.8193
15/10/2012,53.1198
12/10/2012,52.7
11/10/2012,53.073
10/10/2012,53.0445
9/10/2012,52.375
8/10/2012,52.2145
5/10/2012,51.6185
4/10/2012,51.9755
3/10/2012,52.3345
1/10/2012,52.7845
28/09/2012,52.697
27/09/2012,53.255
26/09/2012,53.5785
25/09/2012,53.534
24/09/2012,53.293
21/09/2012,53.9055
20/09/2012,54.3375
18/09/2012,54.257
17/09/2012,53.974
14/09/2012,54.727
13/09/2012,55.443
12/9/2012,55.2605
11/9/2012,55.5223
10/9/2012,55.339
7/9/2012,55.523
6/9/2012,55.9735
5/9/2012,55.895
4/9/2012,55.536
3/9/2012,55.454
31/08/2012,55.7215
30/08/2012,55.6485
29/08/2012,55.6653
28/08/2012,55.7795
27/08/2012,55.593
24/08/2012,55.382
23/08/2012,55.1855
22/08/2012,55.5105
21/08/2012,55.5405
17/08/2012,55.7023
16/08/2012,55.989
14/08/2012,55.6435
13/08/2012,55.418
10/8/2012,55.344
9/8/2012,55.1715
8/8/2012,55.145
7/8/2012,55.4995
6/8/2012,55.473
3/8/2012,56.0845
2/8/2012,55.7765
1/8/2012,55.4825
31/07/2012,55.807
30/07/2012,55.4428
27/07/2012,55.413
26/07/2012,55.948
25/07/2012,56.3755
24/07/2012,56.015
23/07/2012,55.7643
20/07/2012,55.1515
19/07/2012,55.383
18/07/2012,55.3395
17/07/2012,55.1455
16/07/2012,54.918
13/07/2012,55.656
12/7/2012,55.6985
11/7/2012,55.365
10/7/2012,55.8055
9/7/2012,56.0215
6/7/2012,55.415
5/7/2012,55.025
4/7/2012,54.5525
3/7/2012,54.8125
2/7/2012,55.83
29/06/2012,56.309
28/06/2012,56.9195
27/06/2012,57.2165
26/06/2012,57.0728
25/06/2012,56.534
22/06/2012,56.9928
21/06/2012,56.4178
20/06/2012,55.8585
19/06/2012,56.0143
18/06/2012,55.599
15/06/2012,55.763
14/06/2012,55.794
13/06/2012,55.8505
12/6/2012,56.0545
11/6/2012,55.2385
8/6/2012,55.364
7/6/2012,55.1455
6/6/2012,55.4958
5/6/2012,55.5615
4/6/2012,55.5155
1/6/2012,55.9175
31/05/2012,56.4225
30/05/2012,56.006
29/05/2012,55.5835
28/05/2012,55.2625
25/05/2012,55.7253
24/05/2012,56.287
23/05/2012,55.93
22/05/2012,54.8845
21/05/2012,54.681
18/05/2012,54.8755
17/05/2012,54.3875
16/05/2012,54.2925
15/05/2012,53.84
14/05/2012,53.7118
11/5/2012,53.641
10/5/2012,53.3375
9/5/2012,53.46
8/5/2012,52.855
7/5/2012,53.342
4/5/2012,53.7225
3/5/2012,53.2395
2/5/2012,52.9305
30/04/2012,52.5193
27/04/2012,52.6813
26/04/2012,52.567
25/04/2012,52.485
24/04/2012,52.791
23/04/2012,52.2295
20/04/2012,51.9995
19/04/2012,51.893
18/04/2012,51.5035
17/04/2012,51.6265
16/04/2012,51.659
13/04/2012,51.4175
12/4/2012,51.442
11/4/2012,51.547
10/4/2012,51.204
9/4/2012,51.2765
4/4/2012,51.0465
3/4/2012,50.5645
30/03/2012,51.1565
29/03/2012,51.145
28/03/2012,50.9175
27/03/2012,50.9083
26/03/2012,51.309
22/03/2012,50.9055
21/03/2012,50.5935
20/03/2012,50.2545
19/03/2012,50.1245
16/03/2012,50.313
15/03/2012,50.2225
14/03/2012,49.903
13/03/2012,49.845
12/3/2012,49.9448
9/3/2012,50.015
7/3/2012,50.5733
6/3/2012,50.0265
5/3/2012,49.7958
2/3/2012,49.3525
1/3/2012,49.1545
29/02/2012,48.9408
28/02/2012,49.143
27/02/2012,49.0475
24/02/2012,49.065
23/02/2012,49.245
22/02/2012,49.2453
21/02/2012,49.0835
17/02/2012,49.2128
15/02/2012,49.252
14/02/2012,49.3313
13/02/2012,49.318
10/2/2012,49.6445
9/2/2012,49.2895
8/2/2012,49.0683
7/2/2012,48.915
6/2/2012,48.679
3/2/2012,48.964
2/2/2012,49.1288
1/2/2012,49.5325
31/01/2012,49.6825
30/01/2012,49.503
27/01/2012,49.648
25/01/2012,50.0215
24/01/2012,49.9673
23/01/2012,50.2435
20/01/2012,50.3288
19/01/2012,50.289
18/01/2012,50.6655
17/01/2012,51.065
16/01/2012,51.6545
13/01/2012,51.431
12/1/2012,51.829
11/1/2012,51.7495
10/1/2012,52.2255
9/1/2012,52.7325
6/1/2012,52.7838
5/1/2012,52.781
4/1/2012,53.14
3/1/2012,53.2288
2/1/2012,53.2975
30/12/2011,53.266
29/12/2011,53.3585
28/12/2011,53.2145
27/12/2011,52.8945
26/12/2011,52.8205
23/12/2011,52.722
22/12/2011,52.7825
21/12/2011,52.675
20/12/2011,53.027
19/12/2011,52.9575
16/12/2011,52.814
15/12/2011,54.2355
14/12/2011,53.577
13/12/2011,53.403
12/12/2011,52.4238
9/12/2011,52.2285
8/12/2011,51.778
7/12/2011,51.449
5/12/2011,51.3925
2/12/2011,51.3523
1/12/2011,51.652
30/11/2011,52.165
29/11/2011,51.9308
28/11/2011,51.983
25/11/2011,52.1665
24/11/2011,52.25
23/11/2011,52.1005
22/11/2011,52.7015
21/11/2011,51.7165
18/11/2011,51.353
17/11/2011,50.722
16/11/2011,50.901
15/11/2011,50.5645
14/11/2011,50.0845
11/11/2011,50.2795
9/11/2011,49.781
8/11/2011,49.38
4/11/2011,49.084
3/11/2011,49.3748
2/11/2011,49.2508
1/11/2011,49.0775
31/10/2011,48.873
28/10/2011,48.821
25/10/2011,49.6598
24/10/2011,49.8745
21/10/2011,50.067
20/10/2011,49.711
19/10/2011,49.1775
18/10/2011,49.136
17/10/2011,48.8925
14/10/2011,49.0675
13/10/2011,49.0228
12/10/2011,49.241
11/10/2011,49.0333
10/10/2011,49.071
7/10/2011,49.1355
5/10/2011,49.1918
4/10/2011,49.225
3/10/2011,49.424
29/09/2011,48.9253
28/09/2011,48.912
27/09/2011,49.1775
26/09/2011,49.617
23/09/2011,49.673
22/09/2011,48.8205
21/09/2011,47.89
20/09/2011,48.2225
19/09/2011,47.792
16/09/2011,47.467
15/09/2011,47.8435
14/09/2011,47.8055
13/09/2011,47.0963
12/9/2011,46.9735
9/9/2011,46.3843
8/9/2011,46.1775
7/9/2011,46.0218
6/9/2011,46.127
5/9/2011,45.9375
2/9/2011,45.8965
30/08/2011,46.019
29/08/2011,45.8708
26/08/2011,46.0528
25/08/2011,46.1285
24/08/2011,45.7695
23/08/2011,45.689
22/08/2011,45.9483
18/08/2011,45.6105
17/08/2011,45.3695
16/08/2011,45.249
12/8/2011,45.374
11/8/2011,45.2713
10/8/2011,45.2058
9/8/2011,45.1745
8/8/2011,44.962
5/8/2011,44.803
4/8/2011,44.4163
3/8/2011,44.3795
2/8/2011,44.2288
1/8/2011,44.0485
29/07/2011,44.1553
28/07/2011,44.1263
27/07/2011,43.9485
26/07/2011,44.2873
25/07/2011,44.416
22/07/2011,44.3763
21/07/2011,44.4328
20/07/2011,44.4603
19/07/2011,44.5868
18/07/2011,44.5743
15/07/2011,44.5262
14/07/2011,44.5278
13/07/2011,44.588
12/7/2011,44.6878
11/7/2011,44.3705
8/7/2011,44.3263
7/7/2011,44.4173
6/7/2011,44.383
5/7/2011,44.4988
4/7/2011,44.4595
1/7/2011,44.5855
30/06/2011,44.72
29/06/2011,44.94
28/06/2011,45.05
27/06/2011,45.1
24/06/2011,44.94
23/06/2011,44.93
22/06/2011,44.82
21/06/2011,44.91
20/06/2011,44.99
17/06/2011,44.93
16/06/2011,44.9
15/06/2011,44.68
14/06/2011,44.77
13/06/2011,44.87
10/6/2011,44.72
9/6/2011,44.72
8/6/2011,44.61
7/6/2011,44.74
6/6/2011,44.72
3/6/2011,44.85
2/6/2011,44.94
1/6/2011,44.89
31/05/2011,45.03
30/05/2011,45.1
27/05/2011,45.21
26/05/2011,45.29
25/05/2011,45.38
24/05/2011,45.25
23/05/2011,45.28
20/05/2011,44.93
19/05/2011,44.98
18/05/2011,45.08
16/05/2011,45.07
13/05/2011,44.91
12/5/2011,44.79
11/5/2011,44.69
10/5/2011,44.73
9/5/2011,44.7
6/5/2011,44.78
5/5/2011,44.57
4/5/2011,44.59
3/5/2011,44.34
2/5/2011,44.3
29/04/2011,44.38
28/04/2011,44.33
27/04/2011,44.4
26/04/2011,44.59
25/04/2011,44.45
21/04/2011,44.3
20/04/2011,44.38
19/04/2011,44.68
18/04/2011,44.27
15/04/2011,44.52
13/04/2011,44.48
11/4/2011,44.2
8/4/2011,44.04
7/4/2011,44.22
6/4/2011,44.2
5/4/2011,44.45
31/03/2011,44.65
30/03/2011,44.77
29/03/2011,44.67
28/03/2011,44.78
25/03/2011,44.65
24/03/2011,44.77
23/03/2011,44.96
22/03/2011,44.97
21/03/2011,45.05
18/03/2011,45.09
17/03/2011,45.24
16/03/2011,45.18
15/03/2011,45.27
14/03/2011,45.15
11/3/2011,45.21
10/3/2011,45.11
9/3/2011,45.02
8/3/2011,45.03
7/3/2011,45.13
4/3/2011,44.99
3/3/2011,44.96
1/3/2011,45.12
28/02/2011,45.18
25/02/2011,45.37
24/02/2011,45.37
23/02/2011,45.2
22/02/2011,45.2
21/02/2011,45.11
18/02/2011,45.18
17/02/2011,45.38
15/02/2011,45.45
14/02/2011,45.5
11/2/2011,45.76
10/2/2011,45.58
9/2/2011,45.33
8/2/2011,45.39
7/2/2011,45.59
4/2/2011,45.64
3/2/2011,45.63
2/2/2011,45.63
1/2/2011,45.81
31/01/2011,45.95
28/01/2011,45.74
27/01/2011,45.57
25/01/2011,45.53
24/01/2011,45.58
21/01/2011,45.7
20/01/2011,45.58
19/01/2011,45.38
18/01/2011,45.53
17/01/2011,45.59
14/01/2011,45.3
13/01/2011,45.13
12/1/2011,45.16
11/1/2011,45.32
10/1/2011,45.44
7/1/2011,45.37
6/1/2011,45.31
5/1/2011,45.2
4/1/2011,44.84
3/1/2011,44.67
31/12/2010,44.81
30/12/2010,44.9
29/12/2010,45.12
28/12/2010,45.17
27/12/2010,45.15
24/12/2010,45.23
23/12/2010,45.02
22/12/2010,45.13
21/12/2010,45.26
20/12/2010,45.38
16/12/2010,45.39
15/12/2010,45.32
14/12/2010,45.01
13/12/2010,45.25
10/12/2010,45.22
9/12/2010,45.17
8/12/2010,45.12
7/12/2010,44.84
6/12/2010,44.85
3/12/2010,45.09
2/12/2010,45.37
1/12/2010,45.7
30/11/2010,46.04
29/11/2010,45.81
26/11/2010,45.74
25/11/2010,45.64
24/11/2010,45.66
23/11/2010,45.61
22/11/2010,45.29
19/11/2010,45.26
18/11/2010,45.45
16/11/2010,45.22
15/11/2010,45.14
12/11/2010,44.64
11/11/2010,44.25
10/11/2010,44.39
9/11/2010,44.4
8/11/2010,44.26
4/11/2010,44.32
3/11/2010,44.36
2/11/2010,44.43
1/11/2010,44.42
29/10/2010,44.54
28/10/2010,44.49
27/10/2010,44.52
26/10/2010,44.43
25/10/2010,44.36
22/10/2010,44.46
21/10/2010,44.36
20/10/2010,44.29
19/10/2010,44.46
18/10/2010,44.26
15/10/2010,44.03
14/10/2010,44.18
13/10/2010,44.5
12/10/2010,44.74
11/10/2010,44.3
8/10/2010,44.38
7/10/2010,44.28
6/10/2010,44.3
5/10/2010,44.72
4/10/2010,44.37
1/10/2010,44.68
29/09/2010,44.92
28/09/2010,45.13
27/09/2010,45.04
24/09/2010,45.54
23/09/2010,45.59
22/09/2010,45.53
21/09/2010,45.73
20/09/2010,45.61
17/09/2010,45.97
16/09/2010,46.3
15/09/2010,46.37
14/09/2010,46.37
13/09/2010,46.31
9/9/2010,46.56
8/9/2010,46.7
7/9/2010,46.71
6/9/2010,46.48
3/9/2010,46.67
2/9/2010,46.78
1/9/2010,46.87
31/08/2010,47.08
30/08/2010,46.84
27/08/2010,46.86
26/08/2010,46.81
25/08/2010,46.93
24/08/2010,46.79
23/08/2010,46.61
20/08/2010,46.58
18/08/2010,46.64
17/08/2010,46.68
16/08/2010,46.78
13/08/2010,46.58
12/8/2010,46.94
11/8/2010,46.54
10/8/2010,46.3
9/8/2010,46.07
6/8/2010,46.02
5/8/2010,46.23
4/8/2010,46.22
3/8/2010,46.22
2/8/2010,46.19
30/07/2010,46.46
29/07/2010,46.63
28/07/2010,46.57
27/07/2010,46.76
26/07/2010,46.86
23/07/2010,47
22/07/2010,47.33
21/07/2010,47.25
20/07/2010,47.1
19/07/2010,47.08
16/07/2010,46.8
15/07/2010,46.74
14/07/2010,46.63
13/07/2010,46.93
12/7/2010,46.73
9/7/2010,46.75
8/7/2010,46.85
7/7/2010,47.08
6/7/2010,46.8
5/7/2010,46.69
2/7/2010,46.68
1/7/2010,46.68
30/06/2010,46.6
29/06/2010,46.52
28/06/2010,46.16
25/06/2010,46.54
24/06/2010,46.24
23/06/2010,46.31
22/06/2010,46.04
21/06/2010,45.64
18/06/2010,46.14
17/06/2010,46.5
16/06/2010,46.35
15/06/2010,46.73
14/06/2010,46.57
11/6/2010,46.82
10/6/2010,46.98
9/6/2010,46.98
8/6/2010,46.95
7/6/2010,47.28
4/6/2010,46.67
3/6/2010,46.52
2/6/2010,47.19
1/6/2010,46.69
31/05/2010,46.45
28/05/2010,46.54
26/05/2010,47.57
25/05/2010,47.4
24/05/2010,46.67
21/05/2010,46.95
20/05/2010,46.75
19/05/2010,46
18/05/2010,45.55
17/05/2010,45.72
14/05/2010,45.1
13/05/2010,44.99
12/5/2010,45.33
11/5/2010,45.14
10/5/2010,44.96
7/5/2010,45.58
6/5/2010,45.4
5/5/2010,44.87
4/5/2010,44.56
3/5/2010,44.56
30/04/2010,44.44
29/04/2010,44.57
28/04/2010,44.6
27/04/2010,44.45
26/04/2010,44.33
23/04/2010,44.54
22/04/2010,44.45
21/04/2010,44.41
20/04/2010,44.61
19/04/2010,44.6
16/04/2010,44.49
15/04/2010,44.38
13/04/2010,44.62
12/4/2010,44.35
9/4/2010,44.35
8/4/2010,44.69
7/4/2010,44.42
6/4/2010,44.45
5/4/2010,44.73
31/03/2010,45.14
30/03/2010,44.94
29/03/2010,45.08
26/03/2010,45.34
25/03/2010,45.63
23/03/2010,45.56
22/03/2010,45.49
19/03/2010,45.48
18/03/2010,45.49
17/03/2010,45.41
15/03/2010,45.58
12/3/2010,45.45
11/3/2010,45.47
10/3/2010,45.41
9/3/2010,45.54
8/3/2010,45.43
5/3/2010,45.78
4/3/2010,45.82
3/3/2010,45.9
2/3/2010,46.02
26/02/2010,46.23
25/02/2010,46.36
24/02/2010,46.25
23/02/2010,46.13
22/02/2010,46.16
19/02/2010,46.47
18/02/2010,46.22
17/02/2010,46.02
16/02/2010,46.18
15/02/2010,46.38
11/2/2010,46.46
10/2/2010,46.56
9/2/2010,46.68
8/2/2010,46.81
5/2/2010,46.56
4/2/2010,46.09
3/2/2010,46.04
2/2/2010,46.25
1/2/2010,46.34
29/01/2010,46.37
28/01/2010,46.31
27/01/2010,46.29
25/01/2010,46.18
22/01/2010,46.17
21/01/2010,45.97
20/01/2010,45.95
19/01/2010,45.62
18/01/2010,45.66
15/01/2010,45.67
14/01/2010,45.48
13/01/2010,45.68
12/1/2010,45.4
11/1/2010,45.36
8/1/2010,45.8
7/1/2010,45.87
6/1/2010,46.12
5/1/2010,46.2
4/1/2010,46.51
1/1/2010,46.65
31/12/2009,46.68
30/12/2009,46.73
29/12/2009,46.69
24/12/2009,46.76
23/12/2009,46.85
22/12/2009,46.8
21/12/2009,46.8
18/12/2009,46.85
17/12/2009,46.78
16/12/2009,46.68
15/12/2009,46.64
14/12/2009,46.66
11/12/2009,46.52
10/12/2009,46.72
9/12/2009,46.77
8/12/2009,46.67
7/12/2009,46.44
4/12/2009,46.25
3/12/2009,46.22
2/12/2009,46.27
1/12/2009,46.45
30/11/2009,46.48
27/11/2009,46.81
26/11/2009,46.27
25/11/2009,46.34
24/11/2009,46.6
23/11/2009,46.49
20/11/2009,46.58
19/11/2009,46.41
18/11/2009,46.26
17/11/2009,46.25
16/11/2009,46.09
13/11/2009,46.5
12/11/2009,46.5
11/11/2009,46.57
10/11/2009,46.53
9/11/2009,46.58
6/11/2009,46.82
5/11/2009,47.13
4/11/2009,47.13
3/11/2009,47.04
30/10/2009,46.96
29/10/2009,47.52
28/10/2009,47.15
27/10/2009,46.83
26/10/2009,46.58
23/10/2009,46.45
22/10/2009,46.66
21/10/2009,46.44
20/10/2009,46.04
16/10/2009,46.27
15/10/2009,45.91
14/10/2009,46.16
12/10/2009,46.58
9/10/2009,46.5
8/10/2009,46.28
7/10/2009,46.82
6/10/2009,47.16
5/10/2009,47.53
1/10/2009,47.86
29/09/2009,48.04
25/09/2009,47.98
24/09/2009,48.1
23/09/2009,47.96
22/09/2009,48.17
18/09/2009,48.18
17/09/2009,47.97
16/09/2009,48.36
15/09/2009,48.57
14/09/2009,48.7
11/9/2009,48.51
10/9/2009,48.37
9/9/2009,48.47
8/9/2009,48.65
7/9/2009,48.75
4/9/2009,48.89
3/9/2009,48.88
2/9/2009,49.06
1/9/2009,48.73
31/08/2009,48.88
28/08/2009,48.87
27/08/2009,48.98
26/08/2009,48.83
25/08/2009,48.79
24/08/2009,48.5
21/08/2009,48.74
20/08/2009,48.7
18/08/2009,48.74
17/08/2009,48.68
14/08/2009,48.27
13/08/2009,48.14
12/8/2009,48.35
11/8/2009,47.94
10/8/2009,47.81
7/8/2009,47.86
6/8/2009,47.58
5/8/2009,47.67
4/8/2009,47.54
3/8/2009,47.87
31/07/2009,48.16
30/07/2009,48.49
29/07/2009,48.47
28/07/2009,48.21
27/07/2009,48.21
24/07/2009,48.38
23/07/2009,48.44
22/07/2009,48.37
21/07/2009,48.27
20/07/2009,48.43
17/07/2009,48.69
16/07/2009,48.74
15/07/2009,48.72
14/07/2009,48.84
13/07/2009,49.4
10/7/2009,48.69
9/7/2009,48.92
8/7/2009,48.92
7/7/2009,48.52
6/7/2009,48.22
3/7/2009,47.99
2/7/2009,47.79
1/7/2009,48.09
30/06/2009,47.87
29/06/2009,48.2
26/06/2009,48.51
25/06/2009,48.53
24/06/2009,48.53
23/06/2009,48.91
22/06/2009,48.39
19/06/2009,48.13
18/06/2009,48.06
17/06/2009,47.91
16/06/2009,47.76
15/06/2009,47.94
12/6/2009,47.41
11/6/2009,47.42
10/6/2009,47.27
9/6/2009,47.59
8/6/2009,47.38
5/6/2009,47.08
4/6/2009,47.16
3/6/2009,46.84
2/6/2009,47.14
1/6/2009,46.99
29/05/2009,47.29
28/05/2009,47.83
27/05/2009,47.67
26/05/2009,47.63
25/05/2009,47.22
22/05/2009,47.19
21/05/2009,47.4
20/05/2009,47.71
19/05/2009,47.49
18/05/2009,48.17
15/05/2009,49.55
14/05/2009,49.83
13/05/2009,49.34
12/5/2009,49.59
11/5/2009,49.23
8/5/2009,49.25
7/5/2009,49.46
6/5/2009,49.5
5/5/2009,49.65
4/5/2009,49.68
29/04/2009,50.22
28/04/2009,50.44
27/04/2009,49.98
24/04/2009,49.94
23/04/2009,50.22
22/04/2009,50.2
21/04/2009,50.36
20/04/2009,49.95
17/04/2009,49.71
16/04/2009,49.49
15/04/2009,49.88
13/04/2009,49.86
9/4/2009,49.91
8/4/2009,50.53
6/4/2009,50
2/4/2009,50.3
31/03/2009,50.95
30/03/2009,51.08
26/03/2009,50.54
25/03/2009,50.83
24/03/2009,50.31
23/03/2009,50.52
20/03/2009,50.14
19/03/2009,50.77
18/03/2009,51.35
17/03/2009,51.25
16/03/2009,51.58
13/03/2009,51.67
12/3/2009,51.7
9/3/2009,51.8
6/3/2009,51.51
5/3/2009,52.06
4/3/2009,51.93
3/3/2009,51.66
2/3/2009,51.75
27/02/2009,50.73
26/02/2009,50.41
25/02/2009,49.82
24/02/2009,49.89
19/02/2009,49.85
18/02/2009,49.85
17/02/2009,49.16
16/02/2009,48.72
13/02/2009,48.72
12/2/2009,48.72
11/2/2009,48.82
10/2/2009,48.7
9/2/2009,48.6
6/2/2009,48.73
5/2/2009,48.82
4/2/2009,48.65
3/2/2009,48.8
2/2/2009,49.01
30/01/2009,49.02
29/01/2009,48.9
28/01/2009,48.87
27/01/2009,48.85
23/01/2009,49.19
22/01/2009,48.93
21/01/2009,49.12
20/01/2009,48.99
19/01/2009,48.56
16/01/2009,48.77
15/01/2009,49.08
14/01/2009,48.7
13/01/2009,48.91
12/1/2009,48.6
9/1/2009,48.92
7/1/2009,48.61
6/1/2009,48.68
5/1/2009,48.37
2/1/2009,48.89
1/1/2009,48.73
31/12/2008,48.45
30/12/2008,48.5
29/12/2008,48.76
26/12/2008,47.89
24/12/2008,48.99
23/12/2008,48.49
22/12/2008,47.39
19/12/2008,47.08
18/12/2008,47.28
17/12/2008,47.33
16/12/2008,47.82
15/12/2008,47.94
12/12/2008,48.71
11/12/2008,48.52
10/12/2008,49.12
8/12/2008,49.22
5/12/2008,49.69
4/12/2008,49.79
3/12/2008,49.9
2/12/2008,50.52
1/12/2008,50.09
28/11/2008,49.84
26/11/2008,49.85
25/11/2008,49.97
24/11/2008,50.09
21/11/2008,50.03
20/11/2008,50.52
19/11/2008,49.74
18/11/2008,49.68
17/11/2008,48.99
14/11/2008,49.46
12/11/2008,48.79
11/11/2008,47.59
10/11/2008,47.32
7/11/2008,47.76
6/11/2008,47.67
5/11/2008,47.18
4/11/2008,48.62
3/11/2008,48.96
31/10/2008,49.25
29/10/2008,49.77
27/10/2008,50.09
24/10/2008,49.95
23/10/2008,49.79
22/10/2008,49.29
20/10/2008,48.83
17/10/2008,48.68
16/10/2008,48.86
15/10/2008,48.43
14/10/2008,47.71
13/10/2008,48.14
10/10/2008,48.72
8/10/2008,48.74
7/10/2008,48.01
6/10/2008,47.46
3/10/2008,46.88
1/10/2008,46.96
29/09/2008,46.94
26/09/2008,46.43
25/09/2008,46.25
24/09/2008,45.83
23/09/2008,45.72
22/09/2008,45.4
19/09/2008,46.32
18/09/2008,46.71
17/09/2008,46.34
16/09/2008,46.63
15/09/2008,45.94
12/9/2008,45.77
11/9/2008,45.44
10/9/2008,45.12
9/9/2008,44.89
8/9/2008,44.26
5/9/2008,44.37
4/9/2008,44.45
2/9/2008,44.26
1/9/2008,44.21
29/08/2008,43.79
28/08/2008,43.73
27/08/2008,43.73
26/08/2008,44.07
25/08/2008,43.58
22/08/2008,43.38
21/08/2008,43.58
20/08/2008,43.72
18/08/2008,43.23
14/08/2008,42.82
13/08/2008,42.67
12/8/2008,42.4
11/8/2008,42
8/8/2008,42.2
7/8/2008,41.89
6/8/2008,42
5/8/2008,42.28
4/8/2008,42.4
1/8/2008,42.37
31/07/2008,42.49
30/07/2008,42.47
29/07/2008,42.54
28/07/2008,42.3
25/07/2008,42.23
24/07/2008,41.96
23/07/2008,42.33
22/07/2008,42.71
21/07/2008,42.71
18/07/2008,42.78
17/07/2008,42.94
16/07/2008,43.17
15/07/2008,43.17
14/07/2008,42.82
11/7/2008,42.72
10/7/2008,43.16
9/7/2008,43.13
8/7/2008,43.37
7/7/2008,43.12
4/7/2008,43.21
3/7/2008,43.3
2/7/2008,43.34
1/7/2008,43.27
30/06/2008,42.95
27/06/2008,42.79
26/06/2008,42.73
25/06/2008,42.82
24/06/2008,42.94
23/06/2008,42.97
20/06/2008,42.97
19/06/2008,42.93
18/06/2008,42.9
17/06/2008,42.92
16/06/2008,42.9
13/06/2008,42.87
12/6/2008,42.81
11/6/2008,42.89
10/6/2008,42.89
9/6/2008,42.89
6/6/2008,42.79
5/6/2008,42.86
4/6/2008,42.63
3/6/2008,42.53
2/6/2008,42.24
30/05/2008,42.59
29/05/2008,42.77
28/05/2008,42.85
27/05/2008,42.89
26/05/2008,42.56
23/05/2008,42.84
22/05/2008,43.15
21/05/2008,42.72
20/05/2008,42.67
16/05/2008,42.64
15/05/2008,42.4
14/05/2008,42.33
13/05/2008,42.16
12/5/2008,41.68
9/5/2008,41.38
8/5/2008,41.79
7/5/2008,41.2
6/5/2008,40.69
5/5/2008,40.55
2/5/2008,40.65
30/04/2008,40.46
29/04/2008,40.22
28/04/2008,40.14
25/04/2008,40.18
24/04/2008,40.04
23/04/2008,39.95
22/04/2008,39.94
21/04/2008,39.89
16/04/2008,39.96
15/04/2008,39.96
11/4/2008,39.94
10/4/2008,39.95
9/4/2008,40.02
8/4/2008,40.02
7/4/2008,39.93
4/4/2008,39.97
3/4/2008,39.95
2/4/2008,39.98
31/03/2008,39.97
28/03/2008,40.1
27/03/2008,40.15
26/03/2008,40.14
25/03/2008,40.12
24/03/2008,40.34
19/03/2008,40.45
18/03/2008,40.62
17/03/2008,40.77
14/03/2008,40.45
13/03/2008,40.44
12/3/2008,40.36
11/3/2008,40.47
10/3/2008,40.67
7/3/2008,40.53
5/3/2008,40.29
4/3/2008,40.29
3/3/2008,40.26
29/02/2008,39.92
28/02/2008,39.81
27/02/2008,39.73
26/02/2008,39.91
25/02/2008,40.05
22/02/2008,39.98
21/02/2008,40.07
20/02/2008,40.15
19/02/2008,39.87
18/02/2008,39.66
15/02/2008,39.66
14/02/2008,39.65
13/02/2008,39.68
12/2/2008,39.65
11/2/2008,39.73
8/2/2008,39.55
7/2/2008,39.48
6/2/2008,39.6
5/2/2008,39.43
4/2/2008,39.38
1/2/2008,39.36
31/01/2008,39.39
30/01/2008,39.43
29/01/2008,39.4
28/01/2008,39.47
25/01/2008,39.4
24/01/2008,39.43
23/01/2008,39.56
22/01/2008,39.73
21/01/2008,39.38
18/01/2008,39.27
17/01/2008,39.29
16/01/2008,39.27
15/01/2008,39.27
14/01/2008,39.29
11/1/2008,39.29
10/1/2008,39.29
9/1/2008,39.29
8/1/2008,39.27
7/1/2008,39.28
4/1/2008,39.32
3/1/2008,39.45
2/1/2008,39.43
1/1/2008,39.42
31/12/2007,39.41
28/12/2007,39.44
27/12/2007,39.43
26/12/2007,39.39
24/12/2007,39.49
20/12/2007,39.57
19/12/2007,39.55
18/12/2007,39.57
17/12/2007,39.37
14/12/2007,39.35
13/12/2007,39.37
12/12/2007,39.36
11/12/2007,39.36
10/12/2007,39.38
7/12/2007,39.41
6/12/2007,39.47
5/12/2007,39.45
4/12/2007,39.43
3/12/2007,39.56
30/11/2007,39.67
29/11/2007,39.77
28/11/2007,39.68
27/11/2007,39.85
26/11/2007,39.68
23/11/2007,39.57
22/11/2007,39.41
21/11/2007,39.39
20/11/2007,39.34
19/11/2007,39.29
16/11/2007,39.35
15/11/2007,39.28
14/11/2007,39.33
13/11/2007,39.39
12/11/2007,39.33
8/11/2007,39.34
7/11/2007,39.27
6/11/2007,39.29
5/11/2007,39.32
2/11/2007,39.37
1/11/2007,39.32
31/10/2007,39.32
30/10/2007,39.4
29/10/2007,39.38
26/10/2007,39.51
25/10/2007,39.54
24/10/2007,39.57
23/10/2007,39.69
22/10/2007,39.79
19/10/2007,39.79
18/10/2007,39.47
17/10/2007,39.68
16/10/2007,39.31
15/10/2007,39.31
12/10/2007,39.33
11/10/2007,39.31
10/10/2007,39.34
9/10/2007,39.55
8/10/2007,39.43
5/10/2007,39.49
4/10/2007,39.56
3/10/2007,39.79
1/10/2007,39.73
28/09/2007,39.74
27/09/2007,39.75
26/09/2007,39.7
25/09/2007,39.81
24/09/2007,39.82
21/09/2007,39.87
20/09/2007,39.91
19/09/2007,40.26
18/09/2007,40.59
17/09/2007,40.47
14/09/2007,40.45
13/09/2007,40.44
12/9/2007,40.49
11/9/2007,40.58
10/9/2007,40.63
7/9/2007,40.71
6/9/2007,40.85
5/9/2007,40.94
4/9/2007,40.91
3/9/2007,40.88
31/08/2007,40.96
30/08/2007,41.04
29/08/2007,41.24
28/08/2007,41.12
27/08/2007,40.98
24/08/2007,41.18
23/08/2007,40.86
22/08/2007,41.01
21/08/2007,41.06
17/08/2007,41.57
16/08/2007,41.09
14/08/2007,40.69
13/08/2007,40.56
10/8/2007,40.67
9/8/2007,40.4
8/8/2007,40.58
7/8/2007,40.37
6/8/2007,40.45
3/8/2007,40.36
2/8/2007,40.43
1/8/2007,40.55
31/07/2007,40.44
30/07/2007,40.54
27/07/2007,40.48
26/07/2007,40.27
25/07/2007,40.3
24/07/2007,40.24
23/07/2007,40.34
20/07/2007,40.33
19/07/2007,40.39
18/07/2007,40.4
17/07/2007,40.36
16/07/2007,40.37
13/07/2007,40.47
12/7/2007,40.38
11/7/2007,40.38
10/7/2007,40.41
9/7/2007,40.41
6/7/2007,40.46
5/7/2007,40.46
4/7/2007,40.49
3/7/2007,40.58
2/7/2007,40.66
29/06/2007,40.75
28/06/2007,40.84
27/06/2007,41.01
26/06/2007,40.95
25/06/2007,40.81
22/06/2007,40.71
21/06/2007,40.75
20/06/2007,40.82
19/06/2007,40.7
18/06/2007,40.76
15/06/2007,40.97
14/06/2007,40.84
13/06/2007,40.93
12/6/2007,40.73
11/6/2007,40.91
8/6/2007,40.98
7/6/2007,40.63
6/6/2007,40.55
5/6/2007,40.56
4/6/2007,40.47
1/6/2007,40.54
31/05/2007,40.73
30/05/2007,40.64
29/05/2007,40.45
28/05/2007,40.53
25/05/2007,40.6
24/05/2007,40.57
23/05/2007,40.55
22/05/2007,40.64
21/05/2007,40.6
18/05/2007,40.9
17/05/2007,40.84
16/05/2007,40.84
15/05/2007,40.87
14/05/2007,40.93
11/5/2007,41.34
10/5/2007,41
9/5/2007,40.91
8/5/2007,40.78
7/5/2007,40.57
4/5/2007,40.9
3/5/2007,41.18
30/04/2007,41.29
27/04/2007,41.07
26/04/2007,40.78
25/04/2007,40.97
24/04/2007,41.64
23/04/2007,41.67
20/04/2007,41.99
19/04/2007,42.15
18/04/2007,41.89
17/04/2007,41.73
16/04/2007,42.3
13/04/2007,42.74
12/4/2007,42.86
11/4/2007,42.87
10/4/2007,42.86
9/4/2007,42.88
5/4/2007,43.15
4/4/2007,42.9
3/4/2007,43.13
30/03/2007,43.59
29/03/2007,43.47
28/03/2007,43.14
26/03/2007,43.39
23/03/2007,43.7
22/03/2007,43.66
21/03/2007,43.63
20/03/2007,43.98
16/03/2007,44.17
15/03/2007,44.22
14/03/2007,44.31
13/03/2007,44.22
12/3/2007,44.22
9/3/2007,44.27
8/3/2007,44.44
7/3/2007,44.5
6/3/2007,44.56
5/3/2007,44.49
2/3/2007,44.28
1/3/2007,44.27
28/02/2007,44.31
27/02/2007,44.2
26/02/2007,44.17
23/02/2007,44.28
22/02/2007,44.25
21/02/2007,44.19
20/02/2007,44.2
19/02/2007,44.07
15/02/2007,44.09
14/02/2007,44.16
13/02/2007,44.17
12/2/2007,44.18
9/2/2007,44.06
8/2/2007,44.12
7/2/2007,44.09
6/2/2007,44.13
5/2/2007,44.11
2/2/2007,44.11
31/01/2007,44.17
29/01/2007,44.27
25/01/2007,44.24
24/01/2007,44.23
23/01/2007,44.21
22/01/2007,44.21
19/01/2007,44.34
18/01/2007,44.25
17/01/2007,44.27
16/01/2007,44.32
15/01/2007,44.31
12/1/2007,44.61
11/1/2007,44.56
10/1/2007,44.53
9/1/2007,44.47
8/1/2007,44.42
5/1/2007,44.3
4/1/2007,44.42
3/1/2007,44.33
2/1/2007,44.2
29/12/2006,44.23
28/12/2006,44.36
27/12/2006,44.39
26/12/2006,44.54
22/12/2006,44.59
21/12/2006,44.73
20/12/2006,44.74
19/12/2006,44.83
18/12/2006,44.79
15/12/2006,44.66
14/12/2006,44.74
13/12/2006,44.83
12/12/2006,44.82
11/12/2006,44.76
8/12/2006,44.69
7/12/2006,44.66
6/12/2006,44.51
5/12/2006,44.56
4/12/2006,44.59
1/12/2006,44.67
30/11/2006,44.76
29/11/2006,44.65
28/11/2006,44.74
27/11/2006,44.64
24/11/2006,44.87
23/11/2006,44.7
22/11/2006,44.75
21/11/2006,44.99
20/11/2006,44.86
17/11/2006,45.01
16/11/2006,45.17
15/11/2006,45.34
14/11/2006,45.16
13/11/2006,44.9
10/11/2006,44.45
9/11/2006,44.65
8/11/2006,44.68
7/11/2006,44.83
6/11/2006,44.86
3/11/2006,44.84
2/11/2006,44.93
1/11/2006,44.93
31/10/2006,45.02
30/10/2006,45.09
27/10/2006,45.22
26/10/2006,45.3
23/10/2006,45.4
20/10/2006,45.31
19/10/2006,45.32
18/10/2006,45.26
17/10/2006,45.36
16/10/2006,45.46
13/10/2006,45.49
12/10/2006,45.6
11/10/2006,45.76
10/10/2006,45.74
9/10/2006,45.72
6/10/2006,45.61
5/10/2006,45.71
4/10/2006,45.69
3/10/2006,45.84
29/09/2006,45.96
28/09/2006,45.92
27/09/2006,45.92
26/09/2006,45.97
25/09/2006,45.86
22/09/2006,45.94
21/09/2006,45.88
20/09/2006,46.05
19/09/2006,46.11
18/09/2006,46.12
15/09/2006,46.13
14/09/2006,46.15
13/09/2006,46.22
12/9/2006,46.34
11/9/2006,46.27
8/9/2006,46.2
7/9/2006,46.1
6/9/2006,46.21
5/9/2006,46.22
4/9/2006,46.44
1/9/2006,46.53
31/08/2006,46.55
30/08/2006,46.51
29/08/2006,46.52
28/08/2006,46.56
25/08/2006,46.61
24/08/2006,46.5
23/08/2006,46.56
22/08/2006,46.52
21/08/2006,46.45
18/08/2006,46.48
17/08/2006,46.46
16/08/2006,46.55
14/08/2006,46.56
11/8/2006,46.52
10/8/2006,46.43
9/8/2006,46.53
8/8/2006,46.59
7/8/2006,46.49
4/8/2006,46.54
3/8/2006,46.72
2/8/2006,46.56
1/8/2006,46.65
31/07/2006,46.51
28/07/2006,46.56
27/07/2006,46.64
26/07/2006,46.85
25/07/2006,46.81
24/07/2006,46.93
21/07/2006,46.83
20/07/2006,46.84
19/07/2006,46.95
18/07/2006,46.73
17/07/2006,46.44
14/07/2006,46.43
13/07/2006,46.29
12/7/2006,46.21
11/7/2006,46.21
10/7/2006,46.06
7/7/2006,46.12
6/7/2006,46.15
5/7/2006,46.03
4/7/2006,46.01
3/7/2006,45.98
30/06/2006,46.08
29/06/2006,46.34
28/06/2006,46.4
27/06/2006,46.36
26/06/2006,46.34
23/06/2006,46.2
22/06/2006,46.01
21/06/2006,45.92
20/06/2006,45.91
19/06/2006,45.89
16/06/2006,45.92
15/06/2006,45.91
14/06/2006,45.98
13/06/2006,46.04
12/6/2006,45.88
9/6/2006,45.92
8/6/2006,46.06
7/6/2006,45.93
6/6/2006,45.92
5/6/2006,45.82
2/6/2006,46.17
1/6/2006,46.22
31/05/2006,46.43
30/05/2006,46.19
29/05/2006,45.97
26/05/2006,45.85
25/05/2006,45.85
24/05/2006,45.73
23/05/2006,45.52
22/05/2006,45.68
19/05/2006,45.46
18/05/2006,45.48
17/05/2006,45.34
16/05/2006,45.61
15/05/2006,45.39
12/5/2006,45.05
11/5/2006,45.07
10/5/2006,44.93
9/5/2006,44.96
8/5/2006,44.88
5/5/2006,44.88
4/5/2006,44.97
3/5/2006,44.86
2/5/2006,44.9
28/04/2006,44.97
27/04/2006,45.06
26/04/2006,45.03
25/04/2006,44.83
24/04/2006,45.06
21/04/2006,45.09
20/04/2006,45.15
19/04/2006,45.14
18/04/2006,45.15
17/04/2006,45.15
13/04/2006,45.3
12/4/2006,44.93
10/4/2006,44.74
7/4/2006,44.63
5/4/2006,44.69
4/4/2006,44.61
3/4/2006,44.61
31/03/2006,44.61
29/03/2006,44.69
28/03/2006,44.66
27/03/2006,44.66
24/03/2006,44.66
23/03/2006,44.55
22/03/2006,44.47
21/03/2006,44.38
20/03/2006,44.44
17/03/2006,44.42
16/03/2006,44.41
14/03/2006,44.47
13/03/2006,44.53
10/3/2006,44.5
9/3/2006,44.55
8/3/2006,44.42
7/3/2006,44.33
6/3/2006,44.32
3/3/2006,44.36
2/3/2006,44.34
1/3/2006,44.35
28/02/2006,44.44
27/02/2006,44.42
24/02/2006,44.45
23/02/2006,44.56
22/02/2006,44.51
21/02/2006,44.4
20/02/2006,44.43
17/02/2006,44.46
16/02/2006,44.3
15/02/2006,44.27
14/02/2006,44.22
13/02/2006,44.26
10/2/2006,44.21
8/2/2006,44.2
7/2/2006,44.27
6/2/2006,44.2
3/2/2006,44.23
2/2/2006,44.31
1/2/2006,44.15
31/01/2006,44.07
30/01/2006,44.14
27/01/2006,44.15
25/01/2006,44.29
24/01/2006,44.21
23/01/2006,44.15
20/01/2006,44.36
19/01/2006,44.36
18/01/2006,44.51
17/01/2006,44.31
16/01/2006,44.17
13/01/2006,44.26
12/1/2006,44.15
10/1/2006,44.38
9/1/2006,44.28
6/1/2006,44.66
5/1/2006,44.67
4/1/2006,44.85
3/1/2006,44.95
2/1/2006,45.05
30/12/2005,45.07
29/12/2005,45.16
28/12/2005,45.26
27/12/2005,45.2
26/12/2005,45.12
23/12/2005,45.16
22/12/2005,45.32
21/12/2005,45.37
20/12/2005,45.03
19/12/2005,45.24
16/12/2005,45.38
15/12/2005,45.5
14/12/2005,45.84
13/12/2005,46.06
12/12/2005,46.2
9/12/2005,46.22
8/12/2005,46.33
7/12/2005,46.17
6/12/2005,46.18
5/12/2005,46.28
2/12/2005,46.12
1/12/2005,45.99
30/11/2005,45.94
29/11/2005,45.92
28/11/2005,45.94
25/11/2005,45.78
24/11/2005,45.72
23/11/2005,45.74
22/11/2005,45.85
21/11/2005,45.78
18/11/2005,45.74
17/11/2005,45.77
16/11/2005,45.82
14/11/2005,45.67
11/11/2005,45.77
10/11/2005,45.81
9/11/2005,45.8
8/11/2005,45.99
7/11/2005,45.67
4/11/2005,45.41
3/11/2005,45.27
2/11/2005,45.18
31/10/2005,45.11
28/10/2005,45.09
27/10/2005,45.06
26/10/2005,44.94
25/10/2005,45.12
24/10/2005,45.14
21/10/2005,45.09
20/10/2005,45.2
19/10/2005,45.32
18/10/2005,45.11
17/10/2005,44.82
14/10/2005,44.89
13/10/2005,44.89
11/10/2005,44.94
10/10/2005,44.62
7/10/2005,44.32
6/10/2005,44.26
5/10/2005,44.31
4/10/2005,44.13
3/10/2005,44.09
29/09/2005,43.99
28/09/2005,44.08
27/09/2005,43.98
26/09/2005,43.95
23/09/2005,43.93
22/09/2005,43.9
21/09/2005,43.92
20/09/2005,43.91
19/09/2005,43.9
16/09/2005,43.87
15/09/2005,43.94
14/09/2005,43.92
13/09/2005,43.88
12/9/2005,43.82
9/9/2005,43.81
8/9/2005,43.86
6/9/2005,43.86
5/9/2005,43.74
2/9/2005,43.95
1/9/2005,44.12
31/08/2005,44.04
30/08/2005,44.02
29/08/2005,43.78
26/08/2005,43.73
25/08/2005,43.76
24/08/2005,43.72
23/08/2005,43.67
22/08/2005,43.59
19/08/2005,43.58
18/08/2005,43.56
17/08/2005,43.54
16/08/2005,43.54
12/8/2005,43.6
11/8/2005,43.58
10/8/2005,43.53
9/8/2005,43.55
8/8/2005,43.55
5/8/2005,43.5
4/8/2005,43.51
3/8/2005,43.51
2/8/2005,43.46
1/8/2005,43.45
29/07/2005,43.49
26/07/2005,43.52
25/07/2005,43.5
22/07/2005,43.39
21/07/2005,43.51
20/07/2005,43.54
19/07/2005,43.56
18/07/2005,43.54
15/07/2005,43.52
14/07/2005,43.53
13/07/2005,43.52
12/7/2005,43.53
11/7/2005,43.56
8/7/2005,43.63
7/7/2005,43.64
6/7/2005,43.57
5/7/2005,43.57
4/7/2005,43.56
1/7/2005,43.53
30/06/2005,43.51
29/06/2005,43.55
28/06/2005,43.56
27/06/2005,43.49
24/06/2005,43.56
23/06/2005,43.53
22/06/2005,43.5
21/06/2005,43.61
20/06/2005,43.54
17/06/2005,43.59
16/06/2005,43.61
15/06/2005,43.66
14/06/2005,43.65
13/06/2005,43.62
10/6/2005,43.56
9/6/2005,43.55
8/6/2005,43.53
7/6/2005,43.53
6/6/2005,43.6
3/6/2005,43.66
2/6/2005,43.76
1/6/2005,43.72
31/05/2005,43.69
30/05/2005,43.54
27/05/2005,43.52
26/05/2005,43.52
25/05/2005,43.51
24/05/2005,43.49
20/05/2005,43.5
19/05/2005,43.45
18/05/2005,43.56
17/05/2005,43.43
16/05/2005,43.49
13/05/2005,43.43
12/5/2005,43.3
11/5/2005,43.37
10/5/2005,43.45
9/5/2005,43.51
6/5/2005,43.44
5/5/2005,43.41
4/5/2005,43.54
3/5/2005,43.6
2/5/2005,43.57
29/04/2005,43.65
28/04/2005,43.71
27/04/2005,43.71
26/04/2005,43.69
25/04/2005,43.71
21/04/2005,43.75
20/04/2005,43.76
19/04/2005,43.76
15/04/2005,43.83
13/04/2005,43.75
12/4/2005,43.7
11/4/2005,43.74
8/4/2005,43.77
7/4/2005,43.74
6/4/2005,43.76
5/4/2005,43.81
4/4/2005,43.76
31/03/2005,43.75
30/03/2005,43.82
29/03/2005,43.79
28/03/2005,43.81
24/03/2005,43.83
23/03/2005,43.74
22/03/2005,43.77
21/03/2005,43.67
18/03/2005,43.69
17/03/2005,43.63
16/03/2005,43.62
15/03/2005,43.55
14/03/2005,43.52
11/3/2005,43.58
10/3/2005,43.58
9/3/2005,43.67
7/3/2005,43.69
4/3/2005,43.71
3/3/2005,43.65
2/3/2005,43.7
1/3/2005,43.72
28/02/2005,43.64
25/02/2005,43.69
24/02/2005,43.7
23/02/2005,43.72
22/02/2005,43.72
21/02/2005,43.82
18/02/2005,43.84
17/02/2005,43.74
16/02/2005,43.82
15/02/2005,43.76
14/02/2005,43.72
11/2/2005,43.79
10/2/2005,43.78
9/2/2005,43.64
8/2/2005,43.6
7/2/2005,43.46
4/2/2005,43.47
3/2/2005,43.36
2/2/2005,43.59
1/2/2005,43.68
31/01/2005,43.69
28/01/2005,43.78
27/01/2005,43.75
25/01/2005,43.81
24/01/2005,43.75
20/01/2005,43.78
19/01/2005,43.74
18/01/2005,43.74
17/01/2005,43.72
14/01/2005,43.85
13/01/2005,43.69
12/1/2005,43.73
11/1/2005,43.82
10/1/2005,44.02
7/1/2005,43.83
6/1/2005,43.87
5/1/2005,43.77
4/1/2005,43.43
3/1/2005,43.61
31/12/2004,43.58
30/12/2004,43.71
29/12/2004,43.74
28/12/2004,43.78
27/12/2004,43.84
24/12/2004,43.81
23/12/2004,43.79
22/12/2004,43.88
21/12/2004,43.8
20/12/2004,43.91
17/12/2004,44.03
16/12/2004,43.89
15/12/2004,44.13
14/12/2004,44.09
13/12/2004,44.35
10/12/2004,44.61
9/12/2004,44.23
8/12/2004,43.92
7/12/2004,43.7
6/12/2004,43.83
3/12/2004,44.24
2/12/2004,44.22
1/12/2004,44.47
30/11/2004,44.75
29/11/2004,44.97
25/11/2004,45.03
24/11/2004,45.06
23/11/2004,45.06
22/11/2004,45.08
19/11/2004,45.13
18/11/2004,45.03
17/11/2004,45.03
16/11/2004,45.01
11/11/2004,45.2
10/11/2004,45.15
9/11/2004,45.1
8/11/2004,45.11
5/11/2004,45.1
4/11/2004,45.3
3/11/2004,45.5
2/11/2004,45.39
1/11/2004,45.41
29/10/2004,45.45
28/10/2004,45.56
27/10/2004,45.72
26/10/2004,45.66
25/10/2004,45.65
21/10/2004,45.77
20/10/2004,45.79
19/10/2004,45.83
18/10/2004,45.83
15/10/2004,45.86
14/10/2004,45.86
12/10/2004,45.86
11/10/2004,45.77
8/10/2004,45.83
7/10/2004,45.86
6/10/2004,45.9
5/10/2004,45.86
4/10/2004,45.91
1/10/2004,45.92
29/09/2004,46.16
28/09/2004,46.05
27/09/2004,45.95
24/09/2004,45.94
23/09/2004,45.94
22/09/2004,45.79
21/09/2004,45.86
20/09/2004,45.94
17/09/2004,45.83
16/09/2004,45.95
15/09/2004,45.8
14/09/2004,46.03
13/09/2004,46.22
10/9/2004,46.27
9/9/2004,46.3
8/9/2004,46.34
7/9/2004,46.37
6/9/2004,46.32
3/9/2004,46.32
2/9/2004,46.35
1/9/2004,46.33
31/08/2004,46.34
30/08/2004,46.34
27/08/2004,46.31
26/08/2004,46.35
25/08/2004,46.33
24/08/2004,46.29
23/08/2004,46.25
19/08/2004,46.35
18/08/2004,46.39
17/08/2004,46.41
16/08/2004,46.32
13/08/2004,46.26
12/8/2004,46.26
11/8/2004,46.36
10/8/2004,46.46
9/8/2004,46.38
6/8/2004,46.43
5/8/2004,46.33
4/8/2004,46.37
3/8/2004,46.3
2/8/2004,46.36
30/07/2004,46.45
29/07/2004,46.43
28/07/2004,46.31
27/07/2004,46.27
26/07/2004,46.27
23/07/2004,46.22
22/07/2004,46.18
21/07/2004,46.09
20/07/2004,46.06
19/07/2004,45.95
16/07/2004,46.17
15/07/2004,46.15
14/07/2004,45.94
13/07/2004,45.82
12/7/2004,45.64
9/7/2004,45.76
8/7/2004,45.73
7/7/2004,45.95
6/7/2004,45.98
5/7/2004,45.75
2/7/2004,45.96
1/7/2004,45.88
30/06/2004,45.98
29/06/2004,45.96
28/06/2004,45.84
25/06/2004,45.9
24/06/2004,45.83
23/06/2004,46.06
22/06/2004,46.2
21/06/2004,45.82
18/06/2004,45.63
17/06/2004,45.54
16/06/2004,45.39
15/06/2004,45.28
14/06/2004,45.26
11/6/2004,45.09
10/6/2004,45.07
9/6/2004,44.98
8/6/2004,45.09
7/6/2004,45.06
4/6/2004,45.19
3/6/2004,45.31
2/6/2004,45.42
1/6/2004,45.45
31/05/2004,45.56
28/05/2004,45.39
27/05/2004,45.45
26/05/2004,45.34
25/05/2004,45.36
24/05/2004,45.37
21/05/2004,45.33
20/05/2004,45.25
19/05/2004,45.29
18/05/2004,45.46
17/05/2004,45.96
14/05/2004,45.44
13/05/2004,45.12
12/5/2004,45.42
11/5/2004,45.34
10/5/2004,44.95
7/5/2004,44.71
6/5/2004,44.69
5/5/2004,44.76
3/5/2004,44.97
30/04/2004,44.37
29/04/2004,44.41
28/04/2004,44.18
27/04/2004,44.18
23/04/2004,44.16
22/04/2004,44.04
21/04/2004,44
20/04/2004,44
19/04/2004,43.86
16/04/2004,43.89
15/04/2004,43.9
13/04/2004,43.76
12/4/2004,43.65
8/4/2004,43.62
7/4/2004,43.56
6/4/2004,43.78
5/4/2004,43.67
2/4/2004,43.77
31/03/2004,43.39
29/03/2004,44.12
26/03/2004,44.73
25/03/2004,44.75
24/03/2004,44.76
23/03/2004,44.93
22/03/2004,45.15
19/03/2004,45.22
18/03/2004,45.22
17/03/2004,45.25
16/03/2004,45.24
15/03/2004,45.25
12/3/2004,45.27
11/3/2004,45.25
10/3/2004,45.23
9/3/2004,45.21
8/3/2004,45.25
5/3/2004,45.31
4/3/2004,45.3
3/3/2004,45.24
1/3/2004,45.24
27/02/2004,45.26
26/02/2004,45.24
25/02/2004,45.27
24/02/2004,45.29
23/02/2004,45.29
20/02/2004,45.27
19/02/2004,45.28
17/02/2004,45.29
16/02/2004,45.25
13/02/2004,45.26
12/2/2004,45.25
11/2/2004,45.26
10/2/2004,45.25
9/2/2004,45.27
6/2/2004,45.28
5/2/2004,45.27
4/2/2004,45.31
3/2/2004,45.3
30/01/2004,45.31
29/01/2004,45.35
28/01/2004,45.34
27/01/2004,45.36
23/01/2004,45.36
22/01/2004,45.4
21/01/2004,45.39
20/01/2004,45.42
19/01/2004,45.41
16/01/2004,45.45
15/01/2004,45.43
14/01/2004,45.41
13/01/2004,45.43
12/1/2004,45.42
9/1/2004,45.5
8/1/2004,45.54
7/1/2004,45.63
6/1/2004,45.62
5/1/2004,45.62
2/1/2004,45.59
1/1/2004,45.61
31/12/2003,45.61
30/12/2003,45.64
29/12/2003,45.66
26/12/2003,45.58
24/12/2003,45.59
23/12/2003,45.6
22/12/2003,45.52
19/12/2003,45.52
18/12/2003,45.52
17/12/2003,45.54
16/12/2003,45.56
15/12/2003,45.56
12/12/2003,45.53
11/12/2003,45.54
10/12/2003,45.58
9/12/2003,45.54
8/12/2003,45.56
5/12/2003,45.62
4/12/2003,45.62
3/12/2003,45.62
2/12/2003,45.71
1/12/2003,45.78
28/11/2003,45.94
27/11/2003,45.89
25/11/2003,45.93
24/11/2003,45.87
21/11/2003,45.84
20/11/2003,45.71
19/11/2003,45.54
18/11/2003,45.54
17/11/2003,45.41
14/11/2003,45.35
13/11/2003,45.39
12/11/2003,45.32
11/11/2003,45.29
10/11/2003,45.27
7/11/2003,45.29
6/11/2003,45.29
5/11/2003,45.32
4/11/2003,45.36
3/11/2003,45.33
31/10/2003,45.32
30/10/2003,45.32
29/10/2003,45.31
28/10/2003,45.4
27/10/2003,45.34
24/10/2003,45.33
23/10/2003,45.33
22/10/2003,45.37
21/10/2003,45.31
20/10/2003,45.35
17/10/2003,45.35
16/10/2003,45.29
15/10/2003,45.71
14/10/2003,45.59
13/10/2003,45.35
10/10/2003,45.38
9/10/2003,45.33
8/10/2003,45.29
7/10/2003,45.36
6/10/2003,45.42
3/10/2003,45.46
1/10/2003,45.68
29/09/2003,45.85
26/09/2003,45.87
25/09/2003,45.82
24/09/2003,45.84
23/09/2003,45.75
22/09/2003,45.79
19/09/2003,45.93
18/09/2003,46.08
17/09/2003,45.94
16/09/2003,45.85
15/09/2003,45.77
12/9/2003,45.78
11/9/2003,45.72
10/9/2003,45.77
9/9/2003,45.81
8/9/2003,45.85
5/9/2003,45.94
4/9/2003,45.92
3/9/2003,45.88
2/9/2003,45.87
1/9/2003,45.83
29/08/2003,45.85
28/08/2003,45.83
27/08/2003,45.84
26/08/2003,45.87
25/08/2003,45.86
22/08/2003,45.86
21/08/2003,45.84
20/08/2003,45.82
19/08/2003,45.84
18/08/2003,45.86
14/08/2003,45.91
13/08/2003,45.92
12/8/2003,45.93
11/8/2003,45.96
8/8/2003,46.03
7/8/2003,46.02
6/8/2003,46.08
5/8/2003,46.12
4/8/2003,46.11
1/8/2003,46.16
31/07/2003,46.14
30/07/2003,46.12
29/07/2003,46.12
28/07/2003,46.13
25/07/2003,46.16
24/07/2003,46.15
23/07/2003,46.18
22/07/2003,46.26
21/07/2003,46.26
18/07/2003,46.23
17/07/2003,46.26
16/07/2003,46.2
15/07/2003,46.12
14/07/2003,46.06
11/7/2003,46.14
10/7/2003,46.21
9/7/2003,46.29
8/7/2003,46.29
7/7/2003,46.28
4/7/2003,46.33
3/7/2003,46.41
2/7/2003,46.46
1/7/2003,46.48
30/06/2003,46.47
27/06/2003,46.49
26/06/2003,46.54
25/06/2003,46.62
24/06/2003,46.6
23/06/2003,46.58
20/06/2003,46.54
19/06/2003,46.58
18/06/2003,46.58
17/06/2003,46.64
16/06/2003,46.63
13/06/2003,46.69
12/6/2003,46.68
11/6/2003,46.73
10/6/2003,46.82
9/6/2003,46.9
6/6/2003,46.82
5/6/2003,46.91
4/6/2003,46.88
3/6/2003,47.03
2/6/2003,47.16
30/05/2003,47.03
29/05/2003,47.03
28/05/2003,46.96
27/05/2003,46.84
26/05/2003,46.9
23/05/2003,46.94
22/05/2003,46.91
21/05/2003,46.76
20/05/2003,46.94
19/05/2003,47.06
14/05/2003,47.14
13/05/2003,47.17
12/5/2003,47.16
9/5/2003,47.19
8/5/2003,47.26
7/5/2003,47.27
6/5/2003,47.31
5/5/2003,47.35
2/5/2003,47.36
30/04/2003,47.35
29/04/2003,47.37
28/04/2003,47.36
25/04/2003,47.35
24/04/2003,47.34
23/04/2003,47.33
22/04/2003,47.37
21/04/2003,47.35
17/04/2003,47.37
16/04/2003,47.36
10/4/2003,47.41
9/4/2003,47.46
8/4/2003,47.42
7/4/2003,47.39
4/4/2003,47.4
3/4/2003,47.41
31/03/2003,47.5
28/03/2003,47.55
27/03/2003,47.54
26/03/2003,47.58
25/03/2003,47.65
24/03/2003,47.66
21/03/2003,47.7
20/03/2003,47.79
19/03/2003,47.67
17/03/2003,47.66
13/03/2003,47.66
12/3/2003,47.66
11/3/2003,47.65
10/3/2003,47.66
7/3/2003,47.67
6/3/2003,47.64
5/3/2003,47.63
4/3/2003,47.65
3/3/2003,47.66
28/02/2003,47.67
27/02/2003,47.68
26/02/2003,47.69
25/02/2003,47.76
24/02/2003,47.71
21/02/2003,47.74
20/02/2003,47.71
19/02/2003,47.7
18/02/2003,47.74
17/02/2003,47.76
14/02/2003,47.86
12/2/2003,47.79
11/2/2003,47.71
10/2/2003,47.69
7/2/2003,47.72
6/2/2003,47.73
5/2/2003,47.76
4/2/2003,47.78
3/2/2003,47.78
31/01/2003,47.8
30/01/2003,47.82
29/01/2003,47.86
28/01/2003,47.92
27/01/2003,47.89
24/01/2003,47.87
23/01/2003,47.91
22/01/2003,47.91
21/01/2003,47.95
20/01/2003,47.91
17/01/2003,47.94
16/01/2003,47.96
15/01/2003,47.94
14/01/2003,47.9
13/01/2003,47.95
10/1/2003,47.96
9/1/2003,47.97
8/1/2003,47.98
7/1/2003,47.99
6/1/2003,48
3/1/2003,48.02
2/1/2003,48.01
1/1/2003,47.99
31/12/2002,48.03
30/12/2002,47.96
27/12/2002,48.03
26/12/2002,48.03
24/12/2002,48.01
23/12/2002,47.99
20/12/2002,48.05
19/12/2002,48.11
18/12/2002,48.15
17/12/2002,48.13
16/12/2002,48.16
13/12/2002,48.18
12/12/2002,48.22
11/12/2002,48.19
10/12/2002,48.19
9/12/2002,48.22
6/12/2002,48.27
5/12/2002,48.24
4/12/2002,48.21
3/12/2002,48.25
2/12/2002,48.32
29/11/2002,48.27
28/11/2002,48.24
27/11/2002,48.21
26/11/2002,48.21
25/11/2002,48.2
22/11/2002,48.2
21/11/2002,48.21
20/11/2002,48.21
18/11/2002,48.2
15/11/2002,48.23
14/11/2002,48.28
13/11/2002,48.28
12/11/2002,48.27
11/11/2002,48.27
8/11/2002,48.27
7/11/2002,48.32
6/11/2002,48.32
5/11/2002,48.32
1/11/2002,48.34
31/10/2002,48.41
30/10/2002,48.39
29/10/2002,48.45
28/10/2002,48.39
25/10/2002,48.38
24/10/2002,48.43
23/10/2002,48.37
22/10/2002,48.36
21/10/2002,48.36
18/10/2002,48.41
17/10/2002,48.39
16/10/2002,48.34
14/10/2002,48.33
11/10/2002,48.33
10/10/2002,48.34
9/10/2002,48.34
8/10/2002,48.37
7/10/2002,48.36
4/10/2002,48.36
3/10/2002,48.36
1/10/2002,48.36
27/09/2002,48.38
26/09/2002,48.39
25/09/2002,48.41
24/09/2002,48.41
23/09/2002,48.42
20/09/2002,48.45
19/09/2002,48.42
18/09/2002,48.41
17/09/2002,48.41
16/09/2002,48.4
13/09/2002,48.45
12/9/2002,48.47
11/9/2002,48.45
9/9/2002,48.52
6/9/2002,48.53
5/9/2002,48.47
4/9/2002,48.45
3/9/2002,48.47
2/9/2002,48.48
30/08/2002,48.51
29/08/2002,48.5
28/08/2002,48.48
27/08/2002,48.5
26/08/2002,48.52
23/08/2002,48.52
22/08/2002,48.54
21/08/2002,48.54
20/08/2002,48.57
19/08/2002,48.56
16/08/2002,48.58
14/08/2002,48.6
13/08/2002,48.62
12/8/2002,48.62
9/8/2002,48.67
8/8/2002,48.66
7/8/2002,48.69
6/8/2002,48.68
5/8/2002,48.64
2/8/2002,48.65
1/8/2002,48.67
31/07/2002,48.68
30/07/2002,48.73
29/07/2002,48.7
26/07/2002,48.67
25/07/2002,48.68
24/07/2002,48.67
23/07/2002,48.7
22/07/2002,48.7
19/07/2002,48.74
18/07/2002,48.78
17/07/2002,48.78
16/07/2002,48.82
15/07/2002,48.83
12/7/2002,48.77
11/7/2002,48.81
10/7/2002,48.78
9/7/2002,48.82
8/7/2002,48.82
5/7/2002,48.82
4/7/2002,48.79
3/7/2002,48.81
2/7/2002,48.83
1/7/2002,48.84
28/06/2002,48.87
27/06/2002,48.85
26/06/2002,48.88
25/06/2002,48.9
24/06/2002,48.91
21/06/2002,48.92
20/06/2002,48.91
19/06/2002,48.96
18/06/2002,48.99
17/06/2002,49
14/06/2002,49.03
13/06/2002,48.99
12/6/2002,48.98
11/6/2002,48.98
10/6/2002,49.01
7/6/2002,49.02
6/6/2002,49.03
5/6/2002,49.04
4/6/2002,49.04
3/6/2002,49.02
31/05/2002,49.03
30/05/2002,49.01
29/05/2002,48.99
28/05/2002,48.99
27/05/2002,48.98
24/05/2002,49.01
23/05/2002,49.03
22/05/2002,48.98
21/05/2002,49.02
20/05/2002,49.04
17/05/2002,49.01
16/05/2002,49.06
15/05/2002,49.02
14/05/2002,49.02
13/05/2002,49.02
10/5/2002,48.98
9/5/2002,48.96
8/5/2002,48.97
7/5/2002,48.96
6/5/2002,48.98
3/5/2002,48.98
2/5/2002,48.96
30/04/2002,48.97
29/04/2002,48.98
26/04/2002,48.99
24/04/2002,49.05
23/04/2002,48.96
22/04/2002,48.91
19/04/2002,48.89
18/04/2002,48.92
17/04/2002,48.95
16/04/2002,48.92
15/04/2002,48.92
12/4/2002,48.92
11/4/2002,48.91
10/4/2002,48.9
9/4/2002,48.94
8/4/2002,48.85
5/4/2002,48.85
4/4/2002,48.88
3/4/2002,48.88
2/4/2002,48.8
28/03/2002,48.8
27/03/2002,48.83
26/03/2002,48.76
22/03/2002,48.77
21/03/2002,48.75
20/03/2002,48.73
19/03/2002,48.73
18/03/2002,48.71
15/03/2002,48.71
14/03/2002,48.72
13/03/2002,48.75
11/3/2002,48.73
8/3/2002,48.75
7/3/2002,48.72
6/3/2002,48.7
5/3/2002,48.7
4/3/2002,48.7
1/3/2002,48.75
28/02/2002,48.81
27/02/2002,48.73
26/02/2002,48.77
25/02/2002,48.85
22/02/2002,48.71
21/02/2002,48.63
20/02/2002,48.63
19/02/2002,48.66
18/02/2002,48.67
15/02/2002,48.71
14/02/2002,48.71
13/02/2002,48.68
12/2/2002,48.71
11/2/2002,48.71
8/2/2002,48.67
7/2/2002,48.71
6/2/2002,48.69
5/2/2002,48.7
4/2/2002,48.55
1/2/2002,48.53
31/01/2002,48.58
30/01/2002,48.56
29/01/2002,48.37
28/01/2002,48.34
25/01/2002,48.36
24/01/2002,48.35
23/01/2002,48.27
22/01/2002,48.28
21/01/2002,48.24
18/01/2002,48.29
17/01/2002,48.3
16/01/2002,48.31
15/01/2002,48.29
14/01/2002,48
11/1/2002,48.41
10/1/2002,48.37
9/1/2002,48.29
8/1/2002,48.29
7/1/2002,48.25
4/1/2002,48.3
3/1/2002,48.25
2/1/2002,48.31
1/1/2002,48.24
31/12/2001,48.18
28/12/2001,48.34
27/12/2001,48.13
26/12/2001,48.07
24/12/2001,47.87
21/12/2001,47.83
20/12/2001,47.78
19/12/2001,47.79
18/12/2001,47.81
14/12/2001,47.87
13/12/2001,47.88
12/12/2001,47.81
11/12/2001,47.82
10/12/2001,47.82
7/12/2001,47.84
6/12/2001,47.91
5/12/2001,47.91
4/12/2001,47.94
3/12/2001,47.93
29/11/2001,47.99
28/11/2001,48
27/11/2001,47.98
26/11/2001,48.02
23/11/2001,48.04
22/11/2001,48.02
21/11/2001,47.97
20/11/2001,47.97
19/11/2001,47.97
15/11/2001,48.02
13/11/2001,48.02
12/11/2001,47.99
9/11/2001,48.03
8/11/2001,48.01
7/11/2001,47.98
6/11/2001,47.97
5/11/2001,47.98
2/11/2001,47.99
1/11/2001,48
31/10/2001,47.97
30/10/2001,47.98
29/10/2001,47.98
25/10/2001,48.05
24/10/2001,48.02
23/10/2001,48.01
22/10/2001,48.03
19/10/2001,48.04
18/10/2001,48.01
17/10/2001,47.99
16/10/2001,48.04
15/10/2001,48.01
12/10/2001,48.04
11/10/2001,48.03
10/10/2001,48.06
9/10/2001,48.16
8/10/2001,48.17
5/10/2001,47.99
4/10/2001,47.96
3/10/2001,47.96
1/10/2001,47.93
28/09/2001,47.86
27/09/2001,47.89
26/09/2001,47.88
25/09/2001,47.9
24/09/2001,47.93
21/09/2001,48.01
20/09/2001,48.06
19/09/2001,47.96
18/09/2001,48.02
17/09/2001,48.18
14/09/2001,47.7
13/09/2001,47.54
12/9/2001,47.43
11/9/2001,47.45
10/9/2001,47.28
7/9/2001,47.22
6/9/2001,47.16
5/9/2001,47.16
4/9/2001,47.16
3/9/2001,47.13
31/08/2001,47.15
30/08/2001,47.14
29/08/2001,47.13
28/08/2001,47.15
27/08/2001,47.13
24/08/2001,47.12
23/08/2001,47.12
20/08/2001,47.13
17/08/2001,47.13
16/08/2001,47.12
14/08/2001,47.12
13/08/2001,47.12
10/8/2001,47.12
9/8/2001,47.14
8/8/2001,47.14
7/8/2001,47.11
6/8/2001,47.12
3/8/2001,47.1
2/8/2001,47.12
1/8/2001,47.13
31/07/2001,47.16
30/07/2001,47.14
27/07/2001,47.16
26/07/2001,47.16
25/07/2001,47.13
24/07/2001,47.13
23/07/2001,47.13
20/07/2001,47.12
19/07/2001,47.16
18/07/2001,47.11
17/07/2001,47.14
16/07/2001,47.16
13/07/2001,47.16
12/7/2001,47.18
11/7/2001,47.16
10/7/2001,47.16
9/7/2001,47.15
6/7/2001,47.15
5/7/2001,47.13
4/7/2001,47.11
3/7/2001,47.15
2/7/2001,47.07
29/06/2001,47.04
28/06/2001,47.01
27/06/2001,47.01
26/06/2001,47.04
25/06/2001,46.99
22/06/2001,47.01
21/06/2001,47
20/06/2001,46.96
19/06/2001,46.97
18/06/2001,46.99
15/06/2001,47
14/06/2001,47.05
13/06/2001,47.04
12/6/2001,47.02
11/6/2001,46.95
8/6/2001,46.96
7/6/2001,46.98
6/6/2001,47
4/6/2001,47.02
1/6/2001,47.05
31/05/2001,46.99
30/05/2001,46.96
29/05/2001,46.97
28/05/2001,46.94
25/05/2001,46.95
24/05/2001,46.98
23/05/2001,46.99
22/05/2001,47.02
21/05/2001,46.96
18/05/2001,46.94
17/05/2001,46.94
16/05/2001,46.93
15/05/2001,47
14/05/2001,46.9
11/5/2001,46.87
10/5/2001,46.85
9/5/2001,46.83
8/5/2001,46.81
4/5/2001,46.83
3/5/2001,46.85
2/5/2001,46.81
30/04/2001,46.86
27/04/2001,46.86
26/04/2001,46.86
25/04/2001,46.85
24/04/2001,46.84
23/04/2001,46.79
20/04/2001,46.85
19/04/2001,46.84
18/04/2001,46.84
17/04/2001,46.97
16/04/2001,46.96
12/4/2001,46.89
11/4/2001,46.58
10/4/2001,46.56
9/4/2001,46.55
4/4/2001,46.63
3/4/2001,46.64
30/03/2001,46.64
29/03/2001,46.66
28/03/2001,46.62
27/03/2001,46.63
23/03/2001,46.67
22/03/2001,46.68
21/03/2001,46.7
20/03/2001,46.7
19/03/2001,46.69
16/03/2001,46.67
15/03/2001,46.65
14/03/2001,46.69
13/03/2001,46.61
12/3/2001,46.55
9/3/2001,46.53
8/3/2001,46.54
7/3/2001,46.52
5/3/2001,46.56
2/3/2001,46.57
1/3/2001,46.53
28/02/2001,46.61
27/02/2001,46.67
26/02/2001,46.63
23/02/2001,46.58
22/02/2001,46.63
20/02/2001,46.58
16/02/2001,46.54
15/02/2001,46.59
14/02/2001,46.6
13/02/2001,46.55
12/2/2001,46.48
9/2/2001,46.43
8/2/2001,46.44
7/2/2001,46.39
6/2/2001,46.4
5/2/2001,46.41
2/2/2001,46.41
1/2/2001,46.4
31/01/2001,46.41
30/01/2001,46.47
29/01/2001,46.53
25/01/2001,46.46
24/01/2001,46.37
23/01/2001,46.35
22/01/2001,46.39
19/01/2001,46.4
18/01/2001,46.42
17/01/2001,46.41
16/01/2001,46.53
15/01/2001,46.53
12/1/2001,46.61
11/1/2001,46.63
10/1/2001,46.61
9/1/2001,46.66
8/1/2001,46.69
5/1/2001,46.74
4/1/2001,46.74
3/1/2001,46.7
2/1/2001,46.69
1/1/2001,46.66
